insert into user_ (name, surname, pesel, birthdate, email, phone_number, two_factor_authentication, role, password, created_at) values
                                                                                                                                    ('Michal', 'Laskowski', '12121212121', '1990-01-01', 's27626@pjwstk.edu.pl', '887153106' , 0, 'PATIENT', '$2a$12$hU0UlMz0B316YWUJ36cs9ObnVw34FDj6rc7ppU6VbZ1A/B.pYKSPa', '2025-10-04T09:00:00'),
                                                                                                                                    ('Anna', 'Kowalska', '90010112345', '1990-01-01', 'anna.kowalska@example.com', '601234567', 0, 'ADMIN', '$2a$12$hU0UlMz0B316YWUJ36cs9ObnVw34FDj6rc7ppU6VbZ1A/B.pYKSPa', '2025-10-04T09:00:00'),
                                                                                                                                    ('Marcin', 'Nowak', '85051234567', '1985-05-12', 'marcin.nowak@example.com', '601234568', 0, 'EMPLOYEE', '$2a$12$hU0UlMz0B316YWUJ36cs9ObnVw34FDj6rc7ppU6VbZ1A/B.pYKSPa', '2025-10-04T09:00:00'),
                                                                                                                                    ('Piotr', 'Zieliński', '92030498765', '1992-03-04', 'piotr.zielinski@example.com', '601234569', 0, 'DOCTOR', '$2a$12$hU0UlMz0B316YWUJ36cs9ObnVw34FDj6rc7ppU6VbZ1A/B.pYKSPa', '2025-10-04T09:00:00'),
                                                                                                                                    ('Ewa', 'Wiśniewska', '93040567891', '1993-04-05', 'ewa.wisniewska@example.com', '601234570', 0, 'DOCTOR', '$2a$12$hU0UlMz0B316YWUJ36cs9ObnVw34FDj6rc7ppU6VbZ1A/B.pYKSPa', '2025-10-04T09:00:00'),
                                                                                                                                    ('Tomasz', 'Lewandowski', '95060712345', '1995-06-07', 'tomasz.lewandowski@example.com', '601234571', 0, 'PATIENT', '$2a$12$hU0UlMz0B316YWUJ36cs9ObnVw34FDj6rc7ppU6VbZ1A/B.pYKSPa', '2025-10-04T09:00:00'),
                                                                                                                                    ('Anna', 'Wójcik', '87080934567', '1987-08-09', 'anna.wojcik@example.com', '601234572', 0, 'PATIENT', '$2a$12$hU0UlMz0B316YWUJ36cs9ObnVw34FDj6rc7ppU6VbZ1A/B.pYKSPa', '2025-10-04T09:00:00'),
                                                                                                                                    ('Kamil', 'Majewski', '86011056789', '1986-01-10', 'kamil.majewski@example.com', '601234573', 0, 'PATIENT', '$2a$12$hU0UlMz0B316YWUJ36cs9ObnVw34FDj6rc7ppU6VbZ1A/B.pYKSPa', '2025-10-04T09:00:00'),
                                                                                                                                    ('Maria', 'Jankowska', '80021234567', '1980-02-12', 'maria.jankowska@example.com', '601234574', 0, 'PATIENT', '$2a$12$hU0UlMz0B316YWUJ36cs9ObnVw34FDj6rc7ppU6VbZ1A/B.pYKSPa', '2025-10-04T09:00:00'),
                                                                                                                                    ('Paweł', 'Kowalczyk', '87041567890', '1987-04-15', 'pawel.kowalczyk@example.com', '601234575', 0, 'DOCTOR', '$2a$12$hU0UlMz0B316YWUJ36cs9ObnVw34FDj6rc7ppU6VbZ1A/B.pYKSPa', '2025-10-04T09:00:00'),
                                                                                                                                    ('Dorota', 'Szymczak', '82061712345', '1982-06-17', 'dorota.szymczak@example.com', '601234576', 0, 'PATIENT', '$2a$12$hU0UlMz0B316YWUJ36cs9ObnVw34FDj6rc7ppU6VbZ1A/B.pYKSPa', '2025-10-04T09:00:00'),
                                                                                                                                    ('Mateusz', 'Baran', '91091045678', '1991-09-10', 'mateusz.baran@example.com', '601234577', 0, 'DOCTOR', '$2a$12$hU0UlMz0B316YWUJ36cs9ObnVw34FDj6rc7ppU6VbZ1A/B.pYKSPa', '2025-10-04T09:00:00'),
                                                                                                                                    ('Karolina', 'Lis', '92030567890', '1992-03-05', 'karolina.lis@example.com', '601234578', 0, 'DOCTOR', '$2a$12$hU0UlMz0B316YWUJ36cs9ObnVw34FDj6rc7ppU6VbZ1A/B.pYKSPa', '2025-10-04T09:00:00'),
                                                                                                                                    ('Michał', 'Król', '89012345678', '1989-01-23', 'michal.krol@example.com', '601234579', 0, 'DOCTOR', '$2a$12$hU0UlMz0B316YWUJ36cs9ObnVw34FDj6rc7ppU6VbZ1A/B.pYKSPa', '2025-10-04T09:00:00'),
                                                                                                                                    ('Joanna', 'Grabowska', '94041234567', '1994-04-12', 'joanna.grabowska@example.com', '601234580', 0, 'DOCTOR', '$2a$12$hU0UlMz0B316YWUJ36cs9ObnVw34FDj6rc7ppU6VbZ1A/B.pYKSPa', '2025-10-04T09:00:00'),
                                                                                                                                    ('Krzysztof', 'Olszewski', '85081234567', '1985-08-12', 'krzysztof.olszewski@example.com', '601234581', 0, 'DOCTOR', '$2a$12$hU0UlMz0B316YWUJ36cs9ObnVw34FDj6rc7ppU6VbZ1A/B.pYKSPa', '2025-10-04T09:00:00'),
                                                                                                                                    ('Natalia', 'Pawlak', '90061945678', '1990-06-19', 'natalia.pawlak@example.com', '601234582', 0, 'DOCTOR', '$2a$12$hU0UlMz0B316YWUJ36cs9ObnVw34FDj6rc7ppU6VbZ1A/B.pYKSPa', '2025-10-04T09:00:00');

update user_ set email_verified = 1;
update user_ set phone_number_verified = 0;

insert into patient (pk_patient, communication_preferences, newsletter) values (1, 'EMAIL', 1), (6, 'EMAIL', 0), (7, 'EMAIL', 0), (8, 'EMAIL', 0), (9, 'EMAIL', 0), (11, 'EMAIL', 0);

insert into doctor (pk_doctor, description, profile_picture, education, experience, pwz_number) values
                                                                                                    (4, 'Pracuję indywidualnie z osobami dorosłymi w nurcie terapii poznawczo-behawioralnej.', null, 'mgr psychologii', 'doświadczenie zawodowe zdobyte na stażach w IPiN w Warszawie', null),
                                                                                                    (5, 'Psychiatra dorosłych specjalizujący się w leczeniu zaburzeń dwubiegunowych oraz depresji', null, 'Pomorski Uniwersytet Medyczny w Szczecinie', 'Centrum Zdrowia Psychicznego w Słupsku', 'PWZ3318632'),
                                                                                                    (10, 'Psychiatra dziecięcy pracujący z najmłodszymi', null, 'Uniwersytet Pomorski w Słupsku', 'POZ na Piłsudskiego w Słupsku', 'PWZ123532'),
                                                                                                    (12, 'Psycholog dziecięcy z doświadczeniem w pracy z dziećmi w wieku szkolnym', null, 'Uniwersytet Warszawski', 'Poradnia Psychologiczno-Pedagogiczna w Gdańsku', 'PWZ443211'),
                                                                                                    (13, 'Psychiatra dorosłych z wieloletnią praktyką', null, 'Uniwersytet Medyczny w Łodzi', 'Szpital Wojewódzki w Łodzi', 'PWZ331443'),
                                                                                                    (14, 'Psychoterapeuta poznawczo-behawioralny', null, 'Uniwersytet SWPS', 'Centrum Terapii Poznawczej w Warszawie', 'PWZ882211'),
                                                                                                    (15, 'Psychiatra dziecięcy specjalizujący się w zaburzeniach rozwojowych', null, 'Collegium Medicum UMK', 'Centrum Zdrowia Dziecka', 'PWZ223344'),
                                                                                                    (16, 'Psychiatra dorosłych z doświadczeniem w pracy klinicznej', null, 'Uniwersytet Medyczny w Poznaniu', 'Szpital Uniwersytecki w Poznaniu', 'PWZ558811'),
                                                                                                    (17, 'Psychiatra dorosłych specjalizująca się w zaburzeniach lękowych', null, 'Uniwersytet Medyczny we Wrocławiu', 'Centrum Zdrowia Psychicznego we Wrocławiu', 'PWZ669922');

insert into specialization (name) values
                                      ('Psycholog dorosłych'),
                                      ('Psycholog dziecięcy'),
                                      ('Psychiatra dorosłych'),
                                      ('Psychiatra dziecięcy'),
                                      ('Psychoterapeuta');

insert into specialization_doctor (pk_doctor, pk_specialization) values
                                                                     (4, 1), (4, 5), (5, 3), (10, 4),
                                                                     (12, 2), (13, 3), (14, 5), (15, 4), (16, 3), (17, 3);

insert into schedule (started_at, finished_at, fk_doctor) values
                                                              ('2025-10-30T08:00:00', '2025-10-30T21:00:00', 4),
                                                              ('2025-11-05T08:00:00', '2025-11-05T17:00:00', 4),
                                                              ('2025-11-06T14:00:00', '2025-11-06T21:00:00', 4),

                                                              ('2025-11-04T10:00:00', '2025-11-04T20:00:00', 5),
                                                              ('2025-11-05T08:00:00', '2025-11-05T20:00:00', 5),
                                                              ('2025-11-06T10:00:00', '2025-11-06T20:00:00', 5),

                                                              ('2025-11-04T09:00:00', '2025-11-04T21:00:00', 10),
                                                              ('2025-11-05T09:00:00', '2025-11-05T21:00:00', 10),
                                                              ('2025-11-06T09:00:00', '2025-11-06T21:00:00', 10),

                                                              ('2025-11-04T08:00:00', '2025-11-04T16:00:00', 12),
                                                              ('2025-11-05T08:00:00', '2025-11-05T16:00:00', 13),
                                                              ('2025-11-06T12:00:00', '2025-11-06T20:00:00', 14),

                                                              ('2025-11-04T09:00:00', '2025-11-04T15:00:00', 15),
                                                              ('2025-11-04T08:00:00', '2025-11-04T18:00:00', 16),
                                                              ('2025-11-05T08:00:00', '2025-11-05T18:00:00', 16),

                                                              ('2025-11-04T10:00:00', '2025-11-04T19:00:00', 17),
                                                              ('2025-11-05T10:00:00', '2025-11-05T19:00:00', 17);


insert into service (name, duration, price, description) values
                                                             ('Konsultacja psychiatryczna dorosłych (pierwsza wizyta)', 45, 350, 'Ocena stanu psychicznego z indywidualnym planem leczenia'),
                                                             ('Konsultacja psychiatryczna dzieci (pierwsza wizyta)', 45, 350, 'Ocena stanu psychicznego z indywidualnym planem leczenia'),
                                                             ('Konsultacja psychiatryczna dorosłych (kolejna wizyta)', 30, 300, 'Weryfikacja postępów, modyfikacja terapii oraz dalsze planowanie opieki'),
                                                             ('Konsultacja psychiatryczna dzieci (kolejna wizyta)', 30, 300, 'Weryfikacja postępów, modyfikacja terapii oraz dalsze planowanie opieki'),
                                                             ('Konsultacja psychologiczna dorosłych (pierwsza wizyta)', 60, 250, 'Krótka ocena psychologiczna, diagnoza oraz wstępny plan terapeutyczny'),
                                                             ('Konsultacja psychologiczna dorosłych (kolejna wizyta)', 60, 200, 'Kontynuacja terapii');

insert into specialization_service (pk_service, pk_specialization) values
                                                                       (1, 3), (3, 3), (5, 1), (6, 1), (2, 4), (4, 4);

insert into service_schedule (pk_schedule, pk_service) values
                                                           (1, 5), (1, 6), (2, 5), (2, 6), (3, 5), (3, 6),
                                                           (4, 1), (4, 3), (5, 1), (5, 3), (6, 1), (6, 3),
                                                           (7, 2), (7, 4), (8, 2), (8, 4), (9, 2), (9, 4),
                                                           (10, 2), (10, 4), (11, 1), (11, 3), (12, 5), (12, 6), (13, 2), (13, 4),
                                                           (14, 1), (14, 3), (15, 1), (15, 3), (16, 1), (16, 3), (17, 1), (17, 3);

insert into opinion (rating, comment, answer, created_at) values
                                                              (5, 'Bardzo miły psycholog', null, '2025-10-14T21:27:00'),
                                                              (2, 'Lekarz przepisał lekarstwa, następnie poszedłem wykupić lekarstwa, gdzie Pani w aptece poinformowała mnie, że łączenie dwóch leków może wywołać interakcje. Nie kupiłem tych lekarstw. Napisałem do lekarza odpisał mi: dlaczego?', null, '2025-10-14T17:29:10'),
                                                              (4, 'OK.', null, '2025-10-15T07:17:06');

insert into appointment (started_at, finished_at, status, description, fk_service, fk_opinion, fk_doctor, fk_patient, notification_sent) values
                                                                                                                                             ('2025-10-28T08:00:00', '2025-10-28T09:00:00', 'FINISHED', 'odczuwam chroniczny stres i mam napady lękowe', 5, 1, 4, 1, 1),
                                                                                                                                             ('2025-10-28T10:00:00', '2025-10-28T10:40:00', 'FINISHED', 'chciałbym sobię zapalić nieco trawkę', 1, 2, 5, 8, 1),
                                                                                                                                             ('2025-10-28T13:00:00', '2025-10-28T13:30:00', 'FINISHED', 'chłop za dużo gra w robloxa', 4, 3, 10, 9, 1);


insert into payment (amount, created_at, completed_at, method, status, fk_appointment) values
                                                                                           (250, '2025-10-14T07:51:52', '2025-10-14T07:52:31', 'OFFLINE', 'COMPLETED', 1),
                                                                                           (350, '2025-10-14T07:51:52', '2025-10-14T07:52:31', 'OFFLINE', 'COMPLETED', 2),
                                                                                           (300, '2025-10-15T07:51:52', '2025-10-15T07:52:31', 'OFFLINE', 'COMPLETED', 3);


